-- phpMyAdmin SQL Dump
-- version 5.2.0
-- https://www.phpmyadmin.net/
--
-- Host: 127.0.0.1
-- Generation Time: Jan 07, 2023 at 01:02 AM
-- Server version: 10.4.25-MariaDB
-- PHP Version: 8.1.10

SET SQL_MODE = "NO_AUTO_VALUE_ON_ZERO";
START TRANSACTION;
SET time_zone = "+00:00";


/*!40101 SET @OLD_CHARACTER_SET_CLIENT=@@CHARACTER_SET_CLIENT */;
/*!40101 SET @OLD_CHARACTER_SET_RESULTS=@@CHARACTER_SET_RESULTS */;
/*!40101 SET @OLD_COLLATION_CONNECTION=@@COLLATION_CONNECTION */;
/*!40101 SET NAMES utf8mb4 */;

--
-- Database: `blog`
--

-- --------------------------------------------------------

--
-- Table structure for table `categories`
--

CREATE TABLE `categories` (
  `id` int(10) UNSIGNED NOT NULL,
  `image` varchar(255) COLLATE utf8mb4_unicode_ci DEFAULT NULL,
  `parent` int(10) UNSIGNED DEFAULT NULL,
  `created_at` timestamp NULL DEFAULT NULL,
  `updated_at` timestamp NULL DEFAULT NULL,
  `deleted_at` timestamp NULL DEFAULT NULL
) ENGINE=InnoDB DEFAULT CHARSET=utf8mb4 COLLATE=utf8mb4_unicode_ci;

--
-- Dumping data for table `categories`
--

INSERT INTO `categories` (`id`, `image`, `parent`, `created_at`, `updated_at`, `deleted_at`) VALUES
(28, 'images/2023010517401084530-t.webp', 0, '2023-01-05 15:40:09', '2023-01-05 15:40:09', NULL),
(30, 'images/202301060240programming-languages-shutterstock-1680857539.webp', 0, '2023-01-06 00:40:26', '2023-01-06 00:40:26', NULL);

-- --------------------------------------------------------

--
-- Table structure for table `category_translations`
--

CREATE TABLE `category_translations` (
  `id` int(10) UNSIGNED NOT NULL,
  `category_id` int(10) UNSIGNED NOT NULL,
  `locale` varchar(255) COLLATE utf8mb4_unicode_ci NOT NULL,
  `title` varchar(255) COLLATE utf8mb4_unicode_ci DEFAULT NULL
) ENGINE=InnoDB DEFAULT CHARSET=utf8mb4 COLLATE=utf8mb4_unicode_ci;

--
-- Dumping data for table `category_translations`
--

INSERT INTO `category_translations` (`id`, `category_id`, `locale`, `title`) VALUES
(38, 28, 'ar', 'أخبار تقنية'),
(39, 28, 'en', 'Tech News'),
(42, 30, 'ar', 'لغات برمجة'),
(43, 30, 'en', 'Programming language');

-- --------------------------------------------------------

--
-- Table structure for table `failed_jobs`
--

CREATE TABLE `failed_jobs` (
  `id` bigint(20) UNSIGNED NOT NULL,
  `uuid` varchar(255) COLLATE utf8mb4_unicode_ci NOT NULL,
  `connection` text COLLATE utf8mb4_unicode_ci NOT NULL,
  `queue` text COLLATE utf8mb4_unicode_ci NOT NULL,
  `payload` longtext COLLATE utf8mb4_unicode_ci NOT NULL,
  `exception` longtext COLLATE utf8mb4_unicode_ci NOT NULL,
  `failed_at` timestamp NOT NULL DEFAULT current_timestamp()
) ENGINE=InnoDB DEFAULT CHARSET=utf8mb4 COLLATE=utf8mb4_unicode_ci;

-- --------------------------------------------------------

--
-- Table structure for table `migrations`
--

CREATE TABLE `migrations` (
  `id` int(10) UNSIGNED NOT NULL,
  `migration` varchar(255) COLLATE utf8mb4_unicode_ci NOT NULL,
  `batch` int(11) NOT NULL
) ENGINE=InnoDB DEFAULT CHARSET=utf8mb4 COLLATE=utf8mb4_unicode_ci;

--
-- Dumping data for table `migrations`
--

INSERT INTO `migrations` (`id`, `migration`, `batch`) VALUES
(14, '2014_10_12_000000_create_users_table', 1),
(15, '2014_10_12_100000_create_password_resets_table', 1),
(16, '2019_08_19_000000_create_failed_jobs_table', 1),
(17, '2019_12_14_000001_create_personal_access_tokens_table', 1),
(18, '2022_12_29_234856_create_settings_table', 1),
(19, '2022_12_29_235341_create_setting_translations_table', 1),
(20, '2022_12_29_235937_create_categories_table', 1),
(21, '2022_12_29_235951_create_category_translations_table', 1),
(22, '2022_12_30_000215_create_posts_table', 1),
(23, '2022_12_30_000229_create_post_translations_table', 1),
(24, '2022_12_30_000601_create_tags_table', 1),
(25, '2022_12_30_000621_create_tag_translations_table', 1),
(26, '2022_12_30_055629_create_post_tag_table', 1),
(27, '2023_01_04_222606_add_tags_to_post_translations_table', 2);

-- --------------------------------------------------------

--
-- Table structure for table `password_resets`
--

CREATE TABLE `password_resets` (
  `email` varchar(255) COLLATE utf8mb4_unicode_ci NOT NULL,
  `token` varchar(255) COLLATE utf8mb4_unicode_ci NOT NULL,
  `created_at` timestamp NULL DEFAULT NULL
) ENGINE=InnoDB DEFAULT CHARSET=utf8mb4 COLLATE=utf8mb4_unicode_ci;

-- --------------------------------------------------------

--
-- Table structure for table `personal_access_tokens`
--

CREATE TABLE `personal_access_tokens` (
  `id` bigint(20) UNSIGNED NOT NULL,
  `tokenable_type` varchar(255) COLLATE utf8mb4_unicode_ci NOT NULL,
  `tokenable_id` bigint(20) UNSIGNED NOT NULL,
  `name` varchar(255) COLLATE utf8mb4_unicode_ci NOT NULL,
  `token` varchar(64) COLLATE utf8mb4_unicode_ci NOT NULL,
  `abilities` text COLLATE utf8mb4_unicode_ci DEFAULT NULL,
  `last_used_at` timestamp NULL DEFAULT NULL,
  `expires_at` timestamp NULL DEFAULT NULL,
  `created_at` timestamp NULL DEFAULT NULL,
  `updated_at` timestamp NULL DEFAULT NULL
) ENGINE=InnoDB DEFAULT CHARSET=utf8mb4 COLLATE=utf8mb4_unicode_ci;

-- --------------------------------------------------------

--
-- Table structure for table `posts`
--

CREATE TABLE `posts` (
  `id` int(10) UNSIGNED NOT NULL,
  `image` varchar(255) COLLATE utf8mb4_unicode_ci DEFAULT NULL,
  `category_id` int(10) UNSIGNED NOT NULL,
  `created_at` timestamp NULL DEFAULT NULL,
  `updated_at` timestamp NULL DEFAULT NULL,
  `deleted_at` timestamp NULL DEFAULT NULL
) ENGINE=InnoDB DEFAULT CHARSET=utf8mb4 COLLATE=utf8mb4_unicode_ci;

--
-- Dumping data for table `posts`
--

INSERT INTO `posts` (`id`, `image`, `category_id`, `created_at`, `updated_at`, `deleted_at`) VALUES
(9, 'images/20230106205839ee024f0f619cdda995b3846a5dd7922a401491.jpeg', 28, '2023-01-06 18:58:35', '2023-01-06 18:58:44', NULL),
(10, 'images/20230106205839ee024f0f619cdda995b3846a5dd7922a401491.jpeg', 28, '2023-01-06 18:58:35', '2023-01-06 18:58:44', NULL),
(11, 'images/20230106205839ee024f0f619cdda995b3846a5dd7922a401491.jpeg', 30, '2023-01-06 18:58:35', '2023-01-06 19:01:34', NULL),
(12, 'images/20230106205839ee024f0f619cdda995b3846a5dd7922a401491.jpeg', 30, '2023-01-06 18:58:35', '2023-01-06 19:01:49', NULL);

-- --------------------------------------------------------

--
-- Table structure for table `post_tag`
--

CREATE TABLE `post_tag` (
  `id` bigint(20) UNSIGNED NOT NULL,
  `created_at` timestamp NULL DEFAULT NULL,
  `updated_at` timestamp NULL DEFAULT NULL
) ENGINE=InnoDB DEFAULT CHARSET=utf8mb4 COLLATE=utf8mb4_unicode_ci;

-- --------------------------------------------------------

--
-- Table structure for table `post_translations`
--

CREATE TABLE `post_translations` (
  `id` int(10) UNSIGNED NOT NULL,
  `post_id` int(10) UNSIGNED NOT NULL,
  `locale` varchar(255) COLLATE utf8mb4_unicode_ci NOT NULL,
  `title` varchar(255) COLLATE utf8mb4_unicode_ci DEFAULT NULL,
  `content` text COLLATE utf8mb4_unicode_ci DEFAULT NULL,
  `excerpt` text COLLATE utf8mb4_unicode_ci DEFAULT NULL,
  `tags` varchar(255) COLLATE utf8mb4_unicode_ci NOT NULL
) ENGINE=InnoDB DEFAULT CHARSET=utf8mb4 COLLATE=utf8mb4_unicode_ci;

--
-- Dumping data for table `post_translations`
--

INSERT INTO `post_translations` (`id`, `post_id`, `locale`, `title`, `content`, `excerpt`, `tags`) VALUES
(11, 9, 'ar', 'الذكاء الاصطناعي 2 (AI): تعريفه - الوظائف المُتاحة مع رواتبها', '<p>&nbsp;</p>\r\n<p style=\"direction: rtl; text-align: justify;\">هذا النص هو مثال لنص يمكن أن يستبدل في نفس المساحة، لقد تم توليد هذا النص من مولد النص العربى، حيث يمكنك أن تولد مثل هذا النص أو العديد من النصوص الأخرى إضافة إلى زيادة عدد الحروف التى يولدها التطبيق.</p>\r\n<p style=\"direction: rtl; text-align: justify;\">إذا كنت تحتاج إلى عدد أكبر من الفقرات يتيح لك مولد النص العربى زيادة عدد الفقرات كما تريد، النص لن يبدو مقسما ولا يحوي أخطاء لغوية، مولد النص العربى مفيد لمصممي المواقع على وجه الخصوص، حيث يحتاج العميل فى كثير من الأحيان أن يطلع على صورة حقيقية لتصميم الموقع.</p>\r\n<p style=\"direction: rtl; text-align: justify;\">ومن هنا وجب على المصمم أن يضع نصوصا مؤقتة على التصميم ليظهر للعميل الشكل كاملاً،دور مولد النص العربى أن يوفر على المصمم عناء البحث عن نص بديل لا علاقة له بالموضوع الذى يتحدث عنه التصميم فيظهر بشكل لا يليق.</p>\r\n<p style=\"direction: rtl; text-align: justify;\">هذا النص يمكن أن يتم تركيبه على أي تصميم دون مشكلة فلن يبدو وكأنه نص منسوخ، غير منظم، غير منسق، أو حتى غير مفهوم. لأنه مازال نصاً بديلاً ومؤقتاً.</p>\r\n<p>&nbsp;</p>', '<p>هذا النص يمكن أن يتم تركيبه على أي تصميم دون مشكلة فلن يبدو وكأنه نص منسوخ، غير منظم، غير منسق، أو حتى غير مفهوم. لأنه مازال نصاً بديلاً ومؤقتاً.</p>', 'ذكاء صناعي'),
(12, 9, 'en', 'Artificial intelligence  2 (AI): its definition - the available jobs and their salaries', '<div>\r\n<h2>What is Lorem Ipsum?</h2>\r\n<p><strong>Lorem Ipsum</strong>&nbsp;is simply dummy text of the printing and typesetting industry. Lorem Ipsum has been the industry\'s standard dummy text ever since the 1500s, when an unknown printer took a galley of type and scrambled it to make a type specimen book. It has survived not only five centuries, but also the leap into electronic typesetting, remaining essentially unchanged. It was popularised in the 1960s with the release of Letraset sheets containing Lorem Ipsum passages, and more recently with desktop publishing software like Aldus PageMaker including versions of Lorem Ipsum.</p>\r\n</div>\r\n<div>&nbsp;</div>', '<p>desktop publishing software like Aldus PageMaker including versions of Lorem Ipsum</p>', 'ai'),
(20, 10, 'ar', 'الذكاء الاصطناعي 3 (AI): تعريفه - الوظائف المُتاحة مع رواتبها', '<p>&nbsp;</p>\r\n<p style=\"direction: rtl; text-align: justify;\">هذا النص هو مثال لنص يمكن أن يستبدل في نفس المساحة، لقد تم توليد هذا النص من مولد النص العربى، حيث يمكنك أن تولد مثل هذا النص أو العديد من النصوص الأخرى إضافة إلى زيادة عدد الحروف التى يولدها التطبيق.</p>\r\n<p style=\"direction: rtl; text-align: justify;\">إذا كنت تحتاج إلى عدد أكبر من الفقرات يتيح لك مولد النص العربى زيادة عدد الفقرات كما تريد، النص لن يبدو مقسما ولا يحوي أخطاء لغوية، مولد النص العربى مفيد لمصممي المواقع على وجه الخصوص، حيث يحتاج العميل فى كثير من الأحيان أن يطلع على صورة حقيقية لتصميم الموقع.</p>\r\n<p style=\"direction: rtl; text-align: justify;\">ومن هنا وجب على المصمم أن يضع نصوصا مؤقتة على التصميم ليظهر للعميل الشكل كاملاً،دور مولد النص العربى أن يوفر على المصمم عناء البحث عن نص بديل لا علاقة له بالموضوع الذى يتحدث عنه التصميم فيظهر بشكل لا يليق.</p>\r\n<p style=\"direction: rtl; text-align: justify;\">هذا النص يمكن أن يتم تركيبه على أي تصميم دون مشكلة فلن يبدو وكأنه نص منسوخ، غير منظم، غير منسق، أو حتى غير مفهوم. لأنه مازال نصاً بديلاً ومؤقتاً.</p>\r\n<p>&nbsp;</p>', '<p>هذا النص يمكن أن يتم تركيبه على أي تصميم دون مشكلة فلن يبدو وكأنه نص منسوخ، غير منظم، غير منسق، أو حتى غير مفهوم. لأنه مازال نصاً بديلاً ومؤقتاً.</p>', 'ذكاء صناعي'),
(21, 10, 'en', 'Artificial intelligence 3 (AI): its definition - the available jobs and their salaries', '<div>\r\n<h2>What is Lorem Ipsum?</h2>\r\n<p><strong>Lorem Ipsum</strong>&nbsp;is simply dummy text of the printing and typesetting industry. Lorem Ipsum has been the industry\'s standard dummy text ever since the 1500s, when an unknown printer took a galley of type and scrambled it to make a type specimen book. It has survived not only five centuries, but also the leap into electronic typesetting, remaining essentially unchanged. It was popularised in the 1960s with the release of Letraset sheets containing Lorem Ipsum passages, and more recently with desktop publishing software like Aldus PageMaker including versions of Lorem Ipsum.</p>\r\n</div>\r\n<div>&nbsp;</div>', '<p>desktop publishing software like Aldus PageMaker including versions of Lorem Ipsum</p>', 'ai'),
(22, 11, 'ar', 'الذكاء الاصطناعي (AI): تعريفه - الوظائف المُتاحة مع رواتبها', '<p>&nbsp;</p>\r\n<p style=\"direction: rtl; text-align: justify;\">هذا النص هو مثال لنص يمكن أن يستبدل في نفس المساحة، لقد تم توليد هذا النص من مولد النص العربى، حيث يمكنك أن تولد مثل هذا النص أو العديد من النصوص الأخرى إضافة إلى زيادة عدد الحروف التى يولدها التطبيق.</p>\r\n<p style=\"direction: rtl; text-align: justify;\">إذا كنت تحتاج إلى عدد أكبر من الفقرات يتيح لك مولد النص العربى زيادة عدد الفقرات كما تريد، النص لن يبدو مقسما ولا يحوي أخطاء لغوية، مولد النص العربى مفيد لمصممي المواقع على وجه الخصوص، حيث يحتاج العميل فى كثير من الأحيان أن يطلع على صورة حقيقية لتصميم الموقع.</p>\r\n<p style=\"direction: rtl; text-align: justify;\">ومن هنا وجب على المصمم أن يضع نصوصا مؤقتة على التصميم ليظهر للعميل الشكل كاملاً،دور مولد النص العربى أن يوفر على المصمم عناء البحث عن نص بديل لا علاقة له بالموضوع الذى يتحدث عنه التصميم فيظهر بشكل لا يليق.</p>\r\n<p style=\"direction: rtl; text-align: justify;\">هذا النص يمكن أن يتم تركيبه على أي تصميم دون مشكلة فلن يبدو وكأنه نص منسوخ، غير منظم، غير منسق، أو حتى غير مفهوم. لأنه مازال نصاً بديلاً ومؤقتاً.</p>\r\n<p>&nbsp;</p>', '<p>هذا النص يمكن أن يتم تركيبه على أي تصميم دون مشكلة فلن يبدو وكأنه نص منسوخ، غير منظم، غير منسق، أو حتى غير مفهوم. لأنه مازال نصاً بديلاً ومؤقتاً.</p>', 'ذكاء صناعي'),
(23, 11, 'en', 'Artificial intelligence (AI): its definition - the available jobs and their salaries', '<div>\r\n<h2>What is Lorem Ipsum?</h2>\r\n<p><strong>Lorem Ipsum</strong>&nbsp;is simply dummy text of the printing and typesetting industry. Lorem Ipsum has been the industry\'s standard dummy text ever since the 1500s, when an unknown printer took a galley of type and scrambled it to make a type specimen book. It has survived not only five centuries, but also the leap into electronic typesetting, remaining essentially unchanged. It was popularised in the 1960s with the release of Letraset sheets containing Lorem Ipsum passages, and more recently with desktop publishing software like Aldus PageMaker including versions of Lorem Ipsum.</p>\r\n</div>\r\n<div>&nbsp;</div>', '<p>desktop publishing software like Aldus PageMaker including versions of Lorem Ipsum</p>', 'ai'),
(24, 12, 'ar', 'الذكاء الاصطناعي 4 (AI): تعريفه - الوظائف المُتاحة مع رواتبها', '<p>&nbsp;</p>\r\n<p style=\"direction: rtl; text-align: justify;\">هذا النص هو مثال لنص يمكن أن يستبدل في نفس المساحة، لقد تم توليد هذا النص من مولد النص العربى، حيث يمكنك أن تولد مثل هذا النص أو العديد من النصوص الأخرى إضافة إلى زيادة عدد الحروف التى يولدها التطبيق.</p>\r\n<p style=\"direction: rtl; text-align: justify;\">إذا كنت تحتاج إلى عدد أكبر من الفقرات يتيح لك مولد النص العربى زيادة عدد الفقرات كما تريد، النص لن يبدو مقسما ولا يحوي أخطاء لغوية، مولد النص العربى مفيد لمصممي المواقع على وجه الخصوص، حيث يحتاج العميل فى كثير من الأحيان أن يطلع على صورة حقيقية لتصميم الموقع.</p>\r\n<p style=\"direction: rtl; text-align: justify;\">ومن هنا وجب على المصمم أن يضع نصوصا مؤقتة على التصميم ليظهر للعميل الشكل كاملاً،دور مولد النص العربى أن يوفر على المصمم عناء البحث عن نص بديل لا علاقة له بالموضوع الذى يتحدث عنه التصميم فيظهر بشكل لا يليق.</p>\r\n<p style=\"direction: rtl; text-align: justify;\">هذا النص يمكن أن يتم تركيبه على أي تصميم دون مشكلة فلن يبدو وكأنه نص منسوخ، غير منظم، غير منسق، أو حتى غير مفهوم. لأنه مازال نصاً بديلاً ومؤقتاً.</p>\r\n<p>&nbsp;</p>', '<p>هذا النص يمكن أن يتم تركيبه على أي تصميم دون مشكلة فلن يبدو وكأنه نص منسوخ، غير منظم، غير منسق، أو حتى غير مفهوم. لأنه مازال نصاً بديلاً ومؤقتاً.</p>', 'ذكاء صناعي'),
(25, 12, 'en', 'Artificial intelligence 4 (AI): its definition - the available jobs and their salaries', '<div>\r\n<h2>What is Lorem Ipsum?</h2>\r\n<p><strong>Lorem Ipsum</strong>&nbsp;is simply dummy text of the printing and typesetting industry. Lorem Ipsum has been the industry\'s standard dummy text ever since the 1500s, when an unknown printer took a galley of type and scrambled it to make a type specimen book. It has survived not only five centuries, but also the leap into electronic typesetting, remaining essentially unchanged. It was popularised in the 1960s with the release of Letraset sheets containing Lorem Ipsum passages, and more recently with desktop publishing software like Aldus PageMaker including versions of Lorem Ipsum.</p>\r\n</div>\r\n<div>&nbsp;</div>', '<p>desktop publishing software like Aldus PageMaker including versions of Lorem Ipsum</p>', 'ai');

-- --------------------------------------------------------

--
-- Table structure for table `settings`
--

CREATE TABLE `settings` (
  `id` int(10) UNSIGNED NOT NULL,
  `logo` varchar(255) COLLATE utf8mb4_unicode_ci DEFAULT NULL,
  `favicon` varchar(255) COLLATE utf8mb4_unicode_ci DEFAULT NULL,
  `facebook` varchar(255) COLLATE utf8mb4_unicode_ci DEFAULT NULL,
  `instagram` varchar(255) COLLATE utf8mb4_unicode_ci DEFAULT NULL,
  `email` varchar(255) COLLATE utf8mb4_unicode_ci DEFAULT NULL,
  `created_at` timestamp NULL DEFAULT NULL,
  `updated_at` timestamp NULL DEFAULT NULL,
  `deleted_at` timestamp NULL DEFAULT NULL
) ENGINE=InnoDB DEFAULT CHARSET=utf8mb4 COLLATE=utf8mb4_unicode_ci;

--
-- Dumping data for table `settings`
--

INSERT INTO `settings` (`id`, `logo`, `favicon`, `facebook`, `instagram`, `email`, `created_at`, `updated_at`, `deleted_at`) VALUES
(1, 'images/202301031541298627633_3230971600451530_3090072362120458365_n (1).png', 'images/202301031541298627633_3230971600451530_3090072362120458365_n (1).png', 'https://www.facebook.com/omranooo91/', '#', 'omran.hallak@gmail.com', NULL, '2023-01-05 20:34:05', NULL);

-- --------------------------------------------------------

--
-- Table structure for table `setting_translations`
--

CREATE TABLE `setting_translations` (
  `id` int(10) UNSIGNED NOT NULL,
  `setting_id` int(10) UNSIGNED NOT NULL,
  `locale` varchar(255) COLLATE utf8mb4_unicode_ci NOT NULL,
  `title` varchar(255) COLLATE utf8mb4_unicode_ci DEFAULT NULL,
  `content` text COLLATE utf8mb4_unicode_ci DEFAULT NULL
) ENGINE=InnoDB DEFAULT CHARSET=utf8mb4 COLLATE=utf8mb4_unicode_ci;

--
-- Dumping data for table `setting_translations`
--

INSERT INTO `setting_translations` (`id`, `setting_id`, `locale`, `title`, `content`) VALUES
(1, 1, 'ar', 'عنوان عربي', 'وصف عربي'),
(2, 1, 'en', 'English Title', 'English content');

-- --------------------------------------------------------

--
-- Table structure for table `tags`
--

CREATE TABLE `tags` (
  `id` int(10) UNSIGNED NOT NULL,
  `created_at` timestamp NULL DEFAULT NULL,
  `updated_at` timestamp NULL DEFAULT NULL,
  `deleted_at` timestamp NULL DEFAULT NULL
) ENGINE=InnoDB DEFAULT CHARSET=utf8mb4 COLLATE=utf8mb4_unicode_ci;

-- --------------------------------------------------------

--
-- Table structure for table `tag_translations`
--

CREATE TABLE `tag_translations` (
  `id` int(10) UNSIGNED NOT NULL,
  `tag_id` int(10) UNSIGNED NOT NULL,
  `locale` varchar(255) COLLATE utf8mb4_unicode_ci NOT NULL,
  `title` varchar(255) COLLATE utf8mb4_unicode_ci DEFAULT NULL
) ENGINE=InnoDB DEFAULT CHARSET=utf8mb4 COLLATE=utf8mb4_unicode_ci;

-- --------------------------------------------------------

--
-- Table structure for table `users`
--

CREATE TABLE `users` (
  `id` bigint(20) UNSIGNED NOT NULL,
  `name` varchar(255) COLLATE utf8mb4_unicode_ci NOT NULL,
  `email` varchar(255) COLLATE utf8mb4_unicode_ci NOT NULL,
  `email_verified_at` timestamp NULL DEFAULT NULL,
  `password` varchar(255) COLLATE utf8mb4_unicode_ci NOT NULL,
  `remember_token` varchar(100) COLLATE utf8mb4_unicode_ci DEFAULT NULL,
  `created_at` timestamp NULL DEFAULT NULL,
  `updated_at` timestamp NULL DEFAULT NULL
) ENGINE=InnoDB DEFAULT CHARSET=utf8mb4 COLLATE=utf8mb4_unicode_ci;

--
-- Dumping data for table `users`
--

INSERT INTO `users` (`id`, `name`, `email`, `email_verified_at`, `password`, `remember_token`, `created_at`, `updated_at`) VALUES
(1, 'omran hallak', 'omran.hallak@gmail.com', NULL, '$2y$10$lZe4ECH6.Ye0SeAGDaygR..EOWIQjfpsT9BBkIqRec0s5HBvJhpNq', NULL, '2023-01-03 13:39:40', '2023-01-03 13:39:40');

--
-- Indexes for dumped tables
--

--
-- Indexes for table `categories`
--
ALTER TABLE `categories`
  ADD PRIMARY KEY (`id`);

--
-- Indexes for table `category_translations`
--
ALTER TABLE `category_translations`
  ADD PRIMARY KEY (`id`),
  ADD UNIQUE KEY `category_translations_category_id_locale_unique` (`category_id`,`locale`),
  ADD KEY `category_translations_locale_index` (`locale`);

--
-- Indexes for table `failed_jobs`
--
ALTER TABLE `failed_jobs`
  ADD PRIMARY KEY (`id`),
  ADD UNIQUE KEY `failed_jobs_uuid_unique` (`uuid`);

--
-- Indexes for table `migrations`
--
ALTER TABLE `migrations`
  ADD PRIMARY KEY (`id`);

--
-- Indexes for table `password_resets`
--
ALTER TABLE `password_resets`
  ADD KEY `password_resets_email_index` (`email`);

--
-- Indexes for table `personal_access_tokens`
--
ALTER TABLE `personal_access_tokens`
  ADD PRIMARY KEY (`id`),
  ADD UNIQUE KEY `personal_access_tokens_token_unique` (`token`),
  ADD KEY `personal_access_tokens_tokenable_type_tokenable_id_index` (`tokenable_type`,`tokenable_id`);

--
-- Indexes for table `posts`
--
ALTER TABLE `posts`
  ADD PRIMARY KEY (`id`),
  ADD KEY `posts_category_id_foreign` (`category_id`);

--
-- Indexes for table `post_tag`
--
ALTER TABLE `post_tag`
  ADD PRIMARY KEY (`id`);

--
-- Indexes for table `post_translations`
--
ALTER TABLE `post_translations`
  ADD PRIMARY KEY (`id`),
  ADD UNIQUE KEY `post_translations_post_id_locale_unique` (`post_id`,`locale`),
  ADD KEY `post_translations_locale_index` (`locale`);

--
-- Indexes for table `settings`
--
ALTER TABLE `settings`
  ADD PRIMARY KEY (`id`);

--
-- Indexes for table `setting_translations`
--
ALTER TABLE `setting_translations`
  ADD PRIMARY KEY (`id`),
  ADD UNIQUE KEY `setting_translations_setting_id_locale_unique` (`setting_id`,`locale`),
  ADD KEY `setting_translations_locale_index` (`locale`);

--
-- Indexes for table `tags`
--
ALTER TABLE `tags`
  ADD PRIMARY KEY (`id`);

--
-- Indexes for table `tag_translations`
--
ALTER TABLE `tag_translations`
  ADD PRIMARY KEY (`id`),
  ADD UNIQUE KEY `tag_translations_tag_id_locale_unique` (`tag_id`,`locale`),
  ADD KEY `tag_translations_locale_index` (`locale`);

--
-- Indexes for table `users`
--
ALTER TABLE `users`
  ADD PRIMARY KEY (`id`),
  ADD UNIQUE KEY `users_email_unique` (`email`);

--
-- AUTO_INCREMENT for dumped tables
--

--
-- AUTO_INCREMENT for table `categories`
--
ALTER TABLE `categories`
  MODIFY `id` int(10) UNSIGNED NOT NULL AUTO_INCREMENT, AUTO_INCREMENT=31;

--
-- AUTO_INCREMENT for table `category_translations`
--
ALTER TABLE `category_translations`
  MODIFY `id` int(10) UNSIGNED NOT NULL AUTO_INCREMENT, AUTO_INCREMENT=44;

--
-- AUTO_INCREMENT for table `failed_jobs`
--
ALTER TABLE `failed_jobs`
  MODIFY `id` bigint(20) UNSIGNED NOT NULL AUTO_INCREMENT;

--
-- AUTO_INCREMENT for table `migrations`
--
ALTER TABLE `migrations`
  MODIFY `id` int(10) UNSIGNED NOT NULL AUTO_INCREMENT, AUTO_INCREMENT=28;

--
-- AUTO_INCREMENT for table `personal_access_tokens`
--
ALTER TABLE `personal_access_tokens`
  MODIFY `id` bigint(20) UNSIGNED NOT NULL AUTO_INCREMENT;

--
-- AUTO_INCREMENT for table `posts`
--
ALTER TABLE `posts`
  MODIFY `id` int(10) UNSIGNED NOT NULL AUTO_INCREMENT, AUTO_INCREMENT=13;

--
-- AUTO_INCREMENT for table `post_tag`
--
ALTER TABLE `post_tag`
  MODIFY `id` bigint(20) UNSIGNED NOT NULL AUTO_INCREMENT;

--
-- AUTO_INCREMENT for table `post_translations`
--
ALTER TABLE `post_translations`
  MODIFY `id` int(10) UNSIGNED NOT NULL AUTO_INCREMENT, AUTO_INCREMENT=26;

--
-- AUTO_INCREMENT for table `settings`
--
ALTER TABLE `settings`
  MODIFY `id` int(10) UNSIGNED NOT NULL AUTO_INCREMENT, AUTO_INCREMENT=2;

--
-- AUTO_INCREMENT for table `setting_translations`
--
ALTER TABLE `setting_translations`
  MODIFY `id` int(10) UNSIGNED NOT NULL AUTO_INCREMENT, AUTO_INCREMENT=3;

--
-- AUTO_INCREMENT for table `tags`
--
ALTER TABLE `tags`
  MODIFY `id` int(10) UNSIGNED NOT NULL AUTO_INCREMENT;

--
-- AUTO_INCREMENT for table `tag_translations`
--
ALTER TABLE `tag_translations`
  MODIFY `id` int(10) UNSIGNED NOT NULL AUTO_INCREMENT;

--
-- AUTO_INCREMENT for table `users`
--
ALTER TABLE `users`
  MODIFY `id` bigint(20) UNSIGNED NOT NULL AUTO_INCREMENT, AUTO_INCREMENT=2;

--
-- Constraints for dumped tables
--

--
-- Constraints for table `category_translations`
--
ALTER TABLE `category_translations`
  ADD CONSTRAINT `category_translations_category_id_foreign` FOREIGN KEY (`category_id`) REFERENCES `categories` (`id`) ON DELETE CASCADE;

--
-- Constraints for table `posts`
--
ALTER TABLE `posts`
  ADD CONSTRAINT `posts_category_id_foreign` FOREIGN KEY (`category_id`) REFERENCES `categories` (`id`) ON DELETE CASCADE;

--
-- Constraints for table `post_translations`
--
ALTER TABLE `post_translations`
  ADD CONSTRAINT `post_translations_post_id_foreign` FOREIGN KEY (`post_id`) REFERENCES `posts` (`id`) ON DELETE CASCADE;

--
-- Constraints for table `setting_translations`
--
ALTER TABLE `setting_translations`
  ADD CONSTRAINT `setting_translations_setting_id_foreign` FOREIGN KEY (`setting_id`) REFERENCES `settings` (`id`) ON DELETE CASCADE;

--
-- Constraints for table `tag_translations`
--
ALTER TABLE `tag_translations`
  ADD CONSTRAINT `tag_translations_tag_id_foreign` FOREIGN KEY (`tag_id`) REFERENCES `tags` (`id`) ON DELETE CASCADE;
COMMIT;

/*!40101 SET CHARACTER_SET_CLIENT=@OLD_CHARACTER_SET_CLIENT */;
/*!40101 SET CHARACTER_SET_RESULTS=@OLD_CHARACTER_SET_RESULTS */;
/*!40101 SET COLLATION_CONNECTION=@OLD_COLLATION_CONNECTION */;
